Date,AAPL,AMGN,AXP,BA,CAT,CRM,CSCO,CVX,DIS,DOW,GS,HD,HON,IBM,INTC,JNJ,JPM,KO,MCD,MMM,MRK,MSFT,NKE,PG,TRV,UNH,V,VZ,WBA,WMT
2024-08-02,0.006869480501496827,-0.004589775014660069,-0.0659482046595885,-0.046884643176580254,-0.0321248924243146,-0.035920302657335035,-0.015404146964266285,-0.026667410153029092,-0.037399301590470335,-0.023836428474275806,-0.058945710964742326,-0.008784562785794536,-0.004350288829720217,-0.002847290096858468,-0.2605851455985698,0.021025110294832228,-0.04241206669464492,0.020159053079341627,0.029544314391416693,-0.00972563468799692,0.0121244303938155,-0.020665966235200006,0.0021665787511750967,0.026495281242805424,0.011695398881376162,0.029785025121998432,0.002444298757678709,0.0029377376154573476,-0.027942488760347772,-0.019057172840628356
2024-08-05,-0.048166979922190656,-0.026258263586013686,-0.027380734587271083,-0.017181513512086632,-0.012684220963118276,-0.02033045723868654,-0.04114864559656384,-0.02618658996982237,-0.019984382709347548,-0.01922701464764176,-0.024689892520491252,-0.015249114842094236,-0.019539507482563945,-0.030721181283062116,-0.06378027431128852,-0.017606994068027904,-0.021291622088210116,-0.01774130568956178,-0.029780594172854946,-0.005030336897125398,-0.02508679157495397,-0.03265681500565598,-0.034995332700427095,-0.011876769053982383,-0.02759519924523879,-0.033687558842308896,-0.038037324391491656,-0.028557551563929917,-0.06620203898665888,-0.012708214138018814
2024-08-06,-0.00974819991250131,0.011469209456807405,0.023017016097677923,-0.011914060394585313,0.030429367628872495,-0.002468443197755965,0.009387559406969226,-0.009885255774470192,0.02494879195456412,0.028817885717748792,0.024399854649395758,0.011142409326824865,-0.004556649328699702,0.019038809179037663,-0.013923395790958693,-0.01413936203038857,0.027911778112971186,-0.0007341390696630201,0.005997353611896239,0.0022470084973638116,-0.01032860167666394,0.011286808317992225,0.015121772395251032,0.00017834984510201046,-0.0015818564216593112,-0.00282484865760102,0.0070970957614284735,0.011557666889357998,0.017723795413061127,0.0022192626491883694
2024-08-07,0.012498140080768216,-0.05000765107454885,-0.010038011838583105,-0.010906373401555314,-0.001960605650302538,0.006794732740404985,-0.0008858903521545836,-0.005724951247688348,-0.0445704089042015,-0.005907040003158004,0.005933407064387941,-0.032522372311991954,-0.004426636572544829,0.0,-0.0362852146844066,-0.0004404472908314805,0.0002994655191494999,0.006024890153430107,-0.0025550534845365513,-0.016494481507960512,0.012055764188378504,-0.0029528416395990797,0.0016552983696134227,0.011482147396639775,0.00523325631745597,-0.003993957076994015,-0.0067373573175339985,0.0004968480054086122,-0.011915602861928387,-0.012252584191609017
2024-08-08,0.0166333411238464,0.03900800426553097,0.020716679569761753,0.034489031086556876,0.031798684711496605,0.03782702984980291,0.015736013916726632,0.014605715618756676,0.0,0.009584023336506542,0.026976123800331875,0.017348245150359043,0.009599910406370649,0.031102810332741315,0.07898894250021771,0.008307200770149015,0.018263477414942164,0.003943982667386825,0.0067565230425108425,0.018725012381429984,0.01271226297051431,0.01069197371628361,0.021619449797406043,0.004999286690932303,0.01103302253138816,0.00028252303762665854,0.012903522575467008,0.005958320105220238,0.007421134348327696,0.011209082367564127
2024-08-09,0.013735928923253482,-0.0067756980808793,0.018455136173612496,-0.005684795895279926,0.0062471498929146385,0.013688150104548269,-0.007855093272060132,0.00346031592984386,0.0029082898697496695,-0.00018983046317266883,0.009243129242018755,0.0008611763715602461,-0.00795719980787113,0.002670952471607979,-0.03806738386327191,0.0024964815834269682,0.008526943272003873,-0.000727523131446528,-0.01209489561024768,-0.00767200498812548,0.00553032059271219,0.008269311626780906,0.002021728441644388,-0.0019312222262335421,0.0037793557619005824,-0.013209946713102272,0.0017353868685556773,0.005676248295597874,-0.016574550319056636,0.004285968198784129
2024-08-12,0.007129902529277032,-0.007721163187264679,-0.003363471996800871,-0.022512052271188576,-0.006592701376715748,-0.004831077643073445,-0.013415557821322421,0.0002069573540677272,-0.0030159464982166817,-0.00835549328609253,-0.009709154745206838,-0.008117296461773504,-0.00726434491524397,-0.010289842532610671,-0.017757406919253427,-0.004607145281714797,0.0018951096529049583,-0.007425729928851044,0.00578547107838312,-0.006523326360348358,-0.009340975391813666,0.001945798717563063,0.004035506878804274,-0.02187167951385216,-0.012942384306845356,0.011686569197916663,0.0005003894996966629,-0.0053988227292648405,-0.0449439112520299,0.011037638254790094
2024-08-13,0.017193004384825628,0.010781287934793715,0.008183963914309311,0.02820928219266916,0.008243379953992713,0.013091414160908421,0.01136874938285537,-0.0059993260063420095,-0.004072062089496065,0.010340865158096069,0.01326463293934288,0.012318927209989061,-0.00030490247098602374,0.007969199097778379,0.05733464194259508,-0.009319473623372598,0.008487351541944133,0.004254023038726462,0.003154565406142895,0.016131739555801605,0.008019022427251832,0.017698654311019357,0.051714923106969346,0.002877402978470611,0.005483243985606068,0.015832588625673383,0.0009234427539146495,0.006168287098609948,0.03529424181207297,-0.008297007599723627
2024-08-14,0.002033753521679227,-0.002226033860853849,0.019958967179086518,-0.0015406169429889038,-0.003571391127681345,0.00282799914771803,0.0015428103466441634,0.003607436242861084,0.008177602200556189,0.0,0.013741564705562759,0.015968287016765448,0.004422394845505773,0.006963717402233227,-0.026868551807997965,0.0005682081008662188,0.01106084157285081,0.001752919149665022,0.0031075333382508674,0.006541605816041018,-0.007081031247834768,0.00688386335033031,0.0002547306881248712,0.009026342933227127,0.015221888755223567,0.009455951584702138,0.003882863935636305,0.0029426818545752464,-0.012310626721169227,0.0077793262168337485
2024-08-15,0.013530562534709967,0.008242257704802247,0.02354777526359464,0.04694364191162825,0.02384547883049626,0.02925724760003856,0.06800174354431632,0.01472320646368308,0.02885279400029117,0.02103864798383892,0.0006415735960136892,0.012399479815879744,0.004352249245202389,0.008475381939980764,0.03865464130595164,0.003849121685002066,0.006230963273939905,0.001020737409446193,0.013719283809286331,0.007846522337547679,-0.0023771536939590776,0.011823831646015082,0.050687765313865096,-0.005213355431909483,0.0109300223348332,-0.00010354220878971976,0.021673962393736534,-0.021026820767032994,0.037392008678372335,0.06583160357311435
2024-08-16,0.005918512725632485,-0.005260899685724074,0.008857753028268522,0.020293644105986886,-0.006249349882451627,0.00045671190983598287,0.019163436220848373,0.003201567567869379,0.0057439052997865225,0.0007426300298558619,0.010500709192539315,0.005526656707389943,0.005674339818694696,-0.0008765268877276577,0.008699869527769355,0.0018856604181192171,0.01143936127878109,0.007720300116530243,0.013169778220505357,-0.0008649466256690497,0.003177067719693616,-0.006080328658389145,0.00884861002091153,-0.0001785910920983902,0.0006469359646203987,-0.003329780714949937,0.0021739694422868716,0.014235716481935556,0.00924221825511995,0.006550383060080156
2024-08-19,-0.0007078260681320225,0.020314809312304893,0.009296297043368096,-0.0019445863260941776,0.003406277067488528,0.00939492430215072,0.010513603409471495,0.008170892514356431,0.01702123058477012,-0.004822882530454264,0.0008328421392791441,0.0027895760431206895,0.0027203559792536858,0.00490250279782356,0.031145164944523795,0.001505845934240524,0.006916924845265182,-0.0028910503108799945,0.03253266348022499,0.00023604884247019342,0.006598014886803227,0.007312313753606414,0.0006005889808804454,0.0031568143283404737,0.010989445371857975,0.0019042785499348014,-0.003403361575552988,0.0032011350420455553,-0.006410196760499365,0.0036760223340148723
2024-08-20,0.0027446926723415643,0.0017684018556354264,-0.0038180723788308057,-0.041972797326603084,-0.003917018746071865,-0.013339429607264974,0.005202147770367871,-0.014574692166044567,-0.011891631095755084,-0.017334582610835425,-0.014543872520607626,0.011568015301741452,0.005174930704026082,0.006675896365754275,-0.024628284171541504,0.003320132464732062,-0.0043165412669041725,0.005798639365662828,-0.006677032688178874,0.004878837952721149,0.006292630380102082,0.007757505061233516,0.003362097574080458,0.011815769902524975,-0.00881474351726741,0.003230960548226358,0.0058918588399721195,0.002699926424644783,-0.011059976460401355,0.011123195411104625
2024-08-21,-0.0004856885921916687,0.0018261583689314076,-0.026789912271796057,0.007727986781509211,-0.0009611747655590142,-0.0028642203860154147,0.004179930162604872,0.004354200058597435,0.01092044574314488,0.004362642236861447,-0.0017694014362548138,0.008685722771836879,0.006747598396344534,0.006019487755965391,0.020009532199798175,0.007929425440976301,0.0003728939939531273,0.002738642847325501,0.01428413762207592,0.011981098853805383,0.007729723497616137,-0.0015536372711378865,0.005265738338284587,-0.0014671206321474894,-0.00046083064153501496,-0.004443311041982034,0.0005969097352276354,0.004896033215706197,-0.008587725241549382,0.009390945781603932
2024-08-22,-0.008259637470798276,-0.014036108192869046,0.005927648247270101,-0.0038632197269237167,-0.00177866379750935,-0.009575334372516897,-0.004558992022362429,0.00282129015520316,-0.00881834066188869,-0.007365371522436659,0.0025983565182696733,-0.013766690002976478,-0.006354897988392505,-0.0063383807121554225,-0.06118633700507603,0.005699237827463177,0.00945945388643743,-0.0034496779628115926,-0.001725771684629951,-0.004874844861453287,0.004481631649881468,-0.020252840847522546,-0.0070237752377178,-5.880757594989294e-05,0.00433339200852445,0.0011242777116564628,-0.000969399675641136,-0.004384892663819806,-0.03464873608280006,0.0045188537617235625
2024-08-23,0.010288109287229563,0.013157406908403058,0.014288070482358028,0.012734500329844689,0.0176715438370183,0.020921039157568933,0.010354418156079737,0.012969165306031094,0.007117436509289199,0.018455057139463493,0.023445563686938176,0.02799975244103181,0.011691767752303628,0.0007144275817869694,0.02189057341825995,0.010963898548744355,0.00775507495115102,0.006634883047196727,0.0010717465592156028,0.015163246555619514,0.0004289983307723677,0.0029840707500015107,0.007673029022690292,-0.005759645877209452,0.018176815738113472,0.010005024492399928,-0.001866039083145532,0.008319074969992402,0.026919246277955056,0.00158763136761908
2024-08-26,0.0014988331510099595,-0.006143461555147667,0.010266555508760211,-0.008459138829072899,0.007892932991630186,0.004848491602963856,0.000985410791300101,0.0059613525631578845,0.013471697436246322,0.009340528224727418,-0.003042683194389495,-0.003940470440021215,0.006766186790457374,0.009586926506440552,-0.019961136148285097,0.0029245251501452962,0.003939374499390302,0.015045155800807786,-0.002901237872219631,0.015402430478099971,-0.0028301882369848874,-0.00791762470964652,0.002736382446957286,0.006975311318113686,0.004327811313139085,0.004482319037289795,0.0028790153904787452,0.006794547757479341,0.007766987883048637,0.004359420170074291
2024-08-27,0.0037415086876670944,0.0004590124295860143,0.004529728425975987,-0.0024786297346731656,-0.00011390627633256489,-0.004071016871549982,-0.0015751511638859572,-0.010437818923735409,-0.009588102516899899,-0.004812097261656878,-0.0012011310997113167,-0.0024858521214802254,0.011086567731698471,0.003788190392303381,-0.00298059952527574,-0.0025708341245891386,0.0046083298626222735,0.009316760615374786,0.00332560933283621,-0.0034130634559489392,0.0019781580564002255,0.0008464544392545736,0.011983932018609034,-0.006457331154650303,0.003860315589504504,0.000374620541573778,0.009358372428371675,-0.0009641404448950119,-0.08959543099057687,0.001315229116804817
2024-08-28,-0.006753443935846204,0.007830458257380046,0.008077422502810627,-0.013522082037702998,-0.008316193397416072,-0.020060693661734907,-0.016959185587865244,-0.006464738939790826,-0.015511532569362552,-0.004835514268381913,-0.0077475544798628615,-0.0013130668041879678,-0.005385530183471876,-0.0013585364607223704,-0.022919735499113303,0.005952735491426386,0.005041325968159871,0.003496471849110394,-0.0089422308063406,0.0015982255859692263,0.0077253511162196364,-0.00782917132428751,-0.02931195829071065,-0.0011225252825248777,0.003398350401206063,0.0020259991484306017,-0.005651613271086653,0.0009650709087904996,-0.007407366584266661,-0.0006567507806531925
2024-08-29,0.014570189077428797,0.004613263973906712,0.010696746654831779,0.009079653986346248,0.009879390570438629,-0.007299988990708384,0.010832426834208153,0.009726045778631898,0.003575732187190095,0.0065408888702869206,0.01345049901483164,-0.009124294880048844,0.012243967015533874,0.0022169923807073832,0.02651700837482629,0.001891128899152772,0.004157509361833567,0.004181190424339398,0.0028217913268002714,0.009877655520365458,0.0005110308295992461,0.006137397988313031,0.005677150220763094,0.00573758995487017,0.008600728573944005,0.005148397549459283,0.019057284490556103,-0.0057845529927218475,-0.013859257965673888,0.004468961158011542
2024-08-30,-0.0034379386849026083,0.00851928786746492,-0.004579897383961251,0.008591727815650207,0.012683344083294745,-0.015991723572768235,0.0029768435083195044,0.003595153910985305,0.00634677927531091,0.007900754388720177,0.0062117573323632325,0.0039230862138630584,0.0019276093431885855,0.016239389351573985,0.09488334994485936,0.00992512165430015,0.011655491649848582,0.005829249922083335,0.0027792175508358774,0.013392476566036704,0.008428399918335439,0.009730818104138006,0.0007205959430727216,0.008880701522233636,0.007687879808483622,-0.002315820216945541,0.007472878118164994,0.012848483577086789,0.0,0.010599369439655337
2024-09-03,-0.02720526356770636,-0.009945113814104123,-0.016779309557177213,-0.07321285149380063,-0.044538040864326445,-0.019137949703704416,-0.009497348773070846,-0.022237157439546573,-0.013830475375374296,-0.030795155535791707,-0.04466433432996941,-0.010203496026770065,-0.014669827122530399,-0.004205196815680101,-0.08802179915931274,0.007837985306488493,-0.020017757554471882,0.007451391176680033,-0.00512222952068464,-0.028509892359699585,-0.015787161802916172,-0.018459054636909555,-0.019650391903100473,0.017372082166115188,-0.0008769390241117891,0.014368061117356667,0.007851969746855092,0.02752512714356703,-0.03027020790935797,-0.000776955264611523
2024-09-04,-0.008618700683094116,0.00039331495924477267,-0.010105777311477215,0.013662879703565167,-0.01025740652564966,-0.0015319280795658141,-0.007191426694974967,-0.017904047466880235,0.0013463262977704282,-0.0067397179679064,0.0065236154728371964,-0.00019180279219499496,0.003319332837427469,0.014059954826132204,-0.03333333649643222,0.0011964017977099672,-0.004403066394305655,-0.006163547710466455,0.008790918336579967,0.009935027067146551,-0.006690798616332483,-0.0013188720381317465,-0.0036891381064509954,0.007907356819164768,0.015578973779952321,0.00918678931671768,0.007000655445547288,-0.03377596571049424,-0.03567456681516967,0.0009071195070833316
2024-09-05,0.006927717871980432,-0.018993620242204412,0.00039719794239356787,-0.006555613994708276,-0.009472903604826999,-0.0062984117823282615,-0.011468785796352354,-0.008024397802661953,-0.006722666563861002,-0.005234588384570804,-0.005625318014209291,-0.007733099491091688,-0.01245503143533766,-0.007446989256772563,-0.0015440394325426654,-0.014161054339873136,-0.007750858555768736,-0.019156572246718184,-0.00020819320672638142,-0.005675370487886799,0.0240932551643962,-0.001247179720815783,-0.0023450579891023393,-0.0024445296791326676,0.0018581627786118382,-0.014383093747968756,-0.006666888688826256,-0.004098271198482384,0.010404664070442271,-0.0036250902823081743
2024-09-06,-0.007014906590546377,-0.011715328044959894,-0.03089265080289616,-0.027937088805496946,-0.01259150341595161,-0.00873552932793642,-0.01282318351647993,-0.016816722234337944,-0.008008974200384156,-0.012278388402380935,-0.01695095564940252,-0.0049744855408110356,-0.023893922189362815,-0.009131710695863049,-0.026288672108771616,-0.00369721132310441,-0.023755901858651618,-0.00042146077845683916,0.005347776501051005,-0.021308911911408823,-0.0063242800003608934,-0.016381384303575497,-0.002474429968606917,0.0006838928316996729,0.011257331505099,0.002334276334932106,0.0026918208132007404,-0.0038732689744259696,0.003432507271732277,-0.004157933942698699
2024-09-09,0.00040748261065881586,0.016720870257604936,0.02810789016013926,0.0335617859966868,0.014209418571838883,0.007336933837763349,0.004123770799088655,0.01255775354079991,0.0045484240812023735,0.01223365282259925,0.018681885178184032,0.015192365488640558,0.015292958317431493,0.013898648056162921,0.009528867707344624,0.013566159444416748,0.020474388908226837,0.009980348380577153,0.006148272068371652,-0.0010886823604987494,-0.0206211602087224,0.010007380443076697,-0.014138596943503612,0.0026767127758347,0.028320387482481113,-0.004657576903400851,0.02233602684418967,0.03839621960012485,0.01596353484177926,0.009133525589298364
2024-09-10,-0.0036213384075775013,0.009235299082055226,-0.021919363642573297,-0.017432915561042206,0.0003591399024682751,0.001627637475132282,0.0018480238200757615,-0.014754154268042718,0.0006793132334919072,-0.009356728026078232,-0.04388315446875668,0.0146366188456033,-0.0010439270909425868,0.008794707278055647,-0.004719462717784784,0.004621617620140572,-0.051888798321023555,-0.004175370781737131,-6.869172996093464e-05,0.012688716250980558,-0.0006931909701540784,0.02090114400729104,-0.017612320111214053,0.009826156885961668,-0.004999001763497768,0.008298268276063059,-0.0009454804063474542,0.02153049913401528,-0.0033670159922782883,0.019006943393861997
2024-09-11,0.0115850604556198,0.0031921794808098536,0.035693922449037574,0.007871521516731317,0.0025138162375928363,0.013852808031745045,0.006558639726446769,-0.002531911031334322,-0.0009050205233341879,-0.0017710345401834582,0.00864861248494364,-0.0010245760907993118,0.015376923774443663,0.02225794090577793,0.03477343853161896,-0.015294629289387407,0.00812421671909691,-0.006568834308976146,-0.0035705191310069218,0.0010760946190646603,-0.005375905802007863,0.021342349071298727,0.003969837407705956,-0.021767236237190124,-0.03160980585677442,-0.015491800177775406,-0.00483631315755606,0.0034364535564339604,-0.01576578819645702,0.000380689387327493
2024-09-12,0.0004940179393140287,0.00024245766364972,0.0038161800440890126,0.008925819283844172,0.013671642875444867,0.015226100581469337,0.010181333434029272,0.009646045648032286,0.011096023413022404,-0.009264686601157313,0.006133553907355704,0.010634504579614124,0.0030876521641634014,0.008194818664162273,-0.014256557433726447,-0.0010921334502415059,-0.003040142680513336,0.002110410712317101,0.007304618452659728,0.01382172910997137,0.004707541283311967,0.009360822881538278,0.0,-0.0025874318053003,0.01214869888772574,-0.0022552233512939113,0.004965624384204448,0.0013698007413718294,0.011441615952018314,0.01040093423533306
2024-09-13,-0.0012119532987130421,0.007241056209014829,0.015089043464523,-0.03686182860790854,0.016873888663970105,0.004736253651123068,0.003829837693851701,0.010056683389180865,0.013997827529752982,-0.0021885675657993264,0.0103995468219511,0.014849254012422763,-0.0025407317747386804,0.01502754128632322,0.015495827872037404,0.0053450625433246746,-0.011035785965694433,0.009399840665082149,0.014297862254706306,0.00871017590235268,0.0052929106855368335,0.008407408645869419,0.007780581449211121,0.003516573956392488,0.015889993133738622,0.010026887943535012,0.00693838809253311,0.012995945452085822,0.041855289252422656,0.01180008860798365
2024-09-16,-0.027775276778179814,0.008452445758125204,0.008069626757486015,-0.007782108741815175,0.007674067050699396,0.009191944529171048,0.024698716526025066,0.010525613404808398,0.01435663138068266,0.010169494460419815,0.012881320945713703,0.005315978150135514,0.0025961359408666063,0.011034112429927356,0.06358087536631096,0.008881088841050211,0.017325816634018,0.009662472268148203,0.0005395105854870685,0.010737450220185796,0.024936940191499612,0.0017418087030378615,0.009998807006529553,0.01815250039051164,0.01862672295861212,-0.005200771429752948,0.010892611789242945,0.012829217639450663,-0.020629756179532555,-0.000496281409157584
2024-09-17,0.0021726167437754462,-0.007337692969393128,0.016507647217721466,0.00540016921511155,0.016467601263444598,-0.006695034560770252,-0.008230289303021165,0.009289823314128531,0.010996213619506312,0.016778424391782787,0.000474039688467931,0.0032197563733840084,-0.002149634958979907,-0.013952814923039458,0.026781418939689328,0.0004791779048942679,0.006687149733800357,-0.004160809894519613,-0.009909319299953201,-0.007726012845309493,0.0027975753689215566,0.00883298576200664,0.010526340188830918,-0.007673177770411654,-0.0029720267618315033,-0.018976737579467495,0.003717883672057054,-0.02044449366664325,0.004434642700618552,-0.024329673157726606
2024-09-18,0.017989823613246525,0.0003606979892787354,-0.01213243111695772,-0.008184658765217678,0.004042998515314089,-0.009262450818845247,-0.0007904921096277828,0.003835222579843034,0.007753647323755386,0.0025238338456894382,-0.0016688297999334356,0.0020092726863054633,-0.012730178146410531,0.003782712382635278,-0.03260358071625158,-0.0055067466207039395,-0.00821987882768671,-0.0006964196887995211,-0.005855388932985872,-0.0015722604461028133,0.0029588239460078825,-0.009973571391252878,0.003224118170133794,-0.011144003423596116,-0.007410748426098124,0.004654329927880063,-0.010563684321653333,-0.004537180669621721,-0.005518856454417853,0.00547070317586984
2024-09-19,0.037065552575783034,0.009101289782514455,0.025059093885924755,-0.003352487076363486,0.051222197259629176,0.05371775270138612,0.017203974030638447,0.007154718030253138,-0.0013892519314410157,0.024206075326118626,0.0397251629164308,0.01648388710145654,0.010216254814624515,-0.004885093381322592,0.017814103212812515,-0.008004869567554307,0.014214881375316013,-0.01574906065685644,0.006232359078285121,0.003599248731818827,-0.011884657759608008,0.018291101334394044,0.0009889727772882662,-0.013684504320218616,-0.009051136766537127,-0.006165507997929809,-0.011231401806133468,0.0013673033720791317,-0.003329646328958602,-0.012526904175295117
2024-09-20,-0.0029274465907872527,0.0042565913983327874,0.0008928477377450061,-0.008409360777241859,-0.012027520836927375,0.003045200111178037,0.01030325847621194,0.004758931300023805,0.003210262079832882,-0.02231051207884649,-0.01071789317905314,-0.001229651276371202,-0.0017181581840726157,0.017812884658061412,0.03311261982733171,-0.004004301180868142,0.0028981134636465455,0.014443492132976354,0.010141171683783146,0.006948657290527072,-0.0005118775982618784,-0.007795946364917095,0.06841182431245985,0.015623315750256772,0.003998647581969994,-0.003587136975916172,-0.001647744519499339,0.008875792515665282,-0.030066819775256937,0.013070263732776422
2024-09-23,-0.0075810495740920025,-0.005246393156406959,-0.006282795582069789,0.019636048649349647,0.006371627106473765,-0.009707600944070749,0.0042331447837618,0.012767672375933792,-0.008319988464736694,0.006381746616872741,-0.0020463954340412815,0.00538649614444231,0.0020653687229761353,0.012861737020391617,0.03296700129689234,-0.005726198930279702,0.0016580672784594075,0.0012562902339594562,0.007512746202666065,0.00645540751904683,-0.013143309360214572,-0.004043376190962289,-0.0036984866215693524,-0.0025830653231373457,0.003437756027296235,-0.0027652611037416452,0.01355475607580181,-0.0015791750604210453,-0.017221536978937912,0.016063789261674177
2024-09-24,0.003974045035350704,-0.013974478927679557,-0.00407759975908073,-0.0031350318848157865,0.039766141339592886,0.02357983641563055,0.006323063179796584,-0.0006099375453109124,0.007744473584994971,0.027094628102997564,0.0012263026964407509,0.022196229568691273,0.007361264761850617,0.002131532676538539,0.011081560546019054,-0.0026957345099992702,0.0007093610470756406,-0.005576578413845956,0.0040460163372906255,0.011648535937666571,-0.005794299872426634,-0.010011372222234027,0.014617113943462767,-0.003049905314156831,-0.005723848326697145,0.003104294042715061,-0.05491455188511318,0.009037548390869343,-0.003504686039594529,0.004232427190044685
2024-09-25,-0.004398112292970047,-0.05457521478546379,-0.0001502663123618131,-0.023040859984229,-0.01990004717202354,0.013496470611664035,0.0024752794731390804,-0.023601252710007015,0.0024548579490104583,-0.01141258740432427,-0.013814608454584487,-0.009309741883305023,0.007356137936711082,0.001176613843519636,0.032003571533393727,-0.01339223676023027,-0.0066164502508851974,0.0016823335973288334,0.0006660655588677233,-0.004518294266679046,-0.0020006956653167984,0.006850427047767393,0.006174265776564214,-0.005657002885411377,-0.006975317381660351,0.0019471636366281686,-0.011547736952320364,-0.002463032092347439,-0.03282536911922862,0.009049348417639935
2024-09-26,0.005080185816134231,0.019945177672018533,0.007438722303924061,0.015503879854328773,0.033602184671970514,0.006092951590983331,0.003798651070412884,-0.01375277226491245,0.013628617878218563,0.03557906845212688,0.011768509493029988,-0.0005793008675435418,0.0012090183810009592,0.009944397309550768,0.016142699489699153,0.0049190086333896765,-0.0019507463148527027,-0.0006998311712845817,0.01058346508926089,0.0207905317922088,-0.014294393488229806,-0.0018514031629284222,0.015795535687463946,0.005515004845248361,-0.001142572471646619,-0.002602774798375118,0.007640120463575428,0.0015711968820661948,0.03272739746618458,-0.018181850721154302
2024-09-27,0.0011866509530913394,0.011187655494106385,0.010852097780764458,0.011256342816361009,0.0003069316059207683,0.0031912039154666783,0.003216664023954152,0.024649627317752554,0.008508407022550957,0.006578949741368634,0.0031996808506282726,0.007133780030225578,0.002898155102118549,-0.011591968742371561,-0.0004180697679740941,6.186750919190409e-05,0.003432246747551604,0.005462332433193939,0.00013168960302967214,-0.015347066241683471,0.005305478257827678,-0.007627920365182006,0.0005593048514069832,0.001962993772729238,0.00025419543040050563,0.012247451770433404,0.01280870818555635,0.0060511829373088855,0.06338028493897929,-0.0017518119885531203
2024-09-30,0.022872029646754166,-0.0014257151929438772,0.0005165218305398511,-0.027379822399885678,0.00010227914260529936,-0.010591451443984101,0.003772142212465468,0.01223447942375211,0.0018748143762958858,-0.008169865901941353,-0.00682032633451557,0.01419161316655293,-0.00443100600891011,0.0010867336405471217,-0.018820609193276883,0.00408924700659985,0.0017102164818665333,0.0009749291752463307,0.0027001456529087697,-0.004370038837678836,-0.0011434423489180556,0.005326811999801562,-0.01162784785933213,-0.002016806843068819,-0.008428281607717691,0.0048637966674327515,-0.0007995954830424257,0.000445424042170961,-0.011037604449271599,0.012158497555989412
2024-10-01,-0.02914161556356487,-0.005865567762148194,-0.009587028765397854,0.0143383848384393,0.0032470899031749045,-0.010376031356386872,-0.009019163829000254,0.016500303728773424,-0.022247581220051105,-0.0016474469341446474,-0.00997750827604682,0.009501515038497166,-0.003096021872170729,-0.007825133801769968,-0.03282176387315694,-0.0004318561760120465,-0.018116297930552694,-0.0020874070729369754,-0.005024447905462637,0.002633509385535193,0.010390945651738148,-0.02233321985456438,0.00825780649377661,-0.0009237782053116428,0.004271252530544389,-0.0023602989880433523,0.009638246615736312,0.006680080827515145,-0.029017929848230928,0.006439483675307445
2024-10-02,0.0025197495758446653,-0.0018420018039555508,0.008637439259771229,-0.008624055378856688,0.004230374437965256,0.03178660082425777,0.00534963506949504,0.00834990866864449,0.0010632334224724982,0.0025668758516808055,0.0037128743220746774,0.005402788673404935,-0.01062749666986007,0.0017322907781065489,-0.013221733686558435,-0.00506209777144806,0.0012073939002610334,-0.009761465472509112,0.0025743902995831736,-0.011892604061550904,-0.023182828157658153,-0.008462210146888194,-0.0676540197274611,-0.0064725163200261004,-0.00025513545998134823,0.015446702331430862,-0.002161435190318528,-0.003539056695798126,0.0,-0.01033580249149868
2024-10-03,-0.004894664838253404,-0.007037100833946264,-0.008600386262643145,-0.0155013089583933,-0.007511689911144592,0.005116600258857407,-0.0036107825894767798,0.0019875405471176943,-0.005523120686499072,-0.003291881138257402,-0.011971696872122184,0.000778017448790358,-0.004904861875904776,0.013607701112641868,-0.005806126141598034,-0.004157034371121693,-0.00993767698167991,-0.006900449120815666,-0.0010205044233717597,-0.004799521379639571,-0.016952171915922798,-0.0014144352608661537,-0.012033630616537505,-0.01047003869584151,-0.007487410639710368,0.0007427653872160711,-0.0005055120941446223,-0.011764616953861218,-0.003448176156633842,0.0
2024-10-04,0.005007376145470976,0.0068665180690645755,0.030161705399837757,0.02976345735035779,0.015341716955261653,0.024349494942452754,0.006103394748776747,-0.003371910623296004,0.016234151014246745,0.015412849246255078,0.01863814250208784,-0.007823483231546136,0.004436119117256387,0.014726959535738438,0.014824794263833319,-0.0013085472498000073,0.035493679003166134,-0.004963202875159056,0.0010215469165186786,0.0036356728047739484,-0.0037211738565993135,-0.0011523644066662175,0.0018270914202835886,-0.00728892225755462,0.012473205073799232,-0.0026147735484031154,0.003864720618620865,-0.007637029966712894,0.00576699647755663,0.006340985980088254
2024-10-07,-0.02253089558007315,-0.006913596008008782,-0.007899312293856653,0.005870991368447598,0.0029213587674676855,-0.01105123842036626,-0.0045498136243884435,0.0025208170834494226,-0.02900684517507901,-0.013010484995786609,-0.0010905806226088055,-0.0007345523252859643,-0.0022082256139344114,0.004955724956990926,-0.009296192580912077,-0.004741356296027455,-0.001373046296786029,-0.01653121582621153,-0.009579973838328648,-0.00310488824168742,-0.010749852451342856,-0.015670750818617463,-0.017264477324730798,-0.010421588148530336,-0.04335128040088254,-0.01292298725561114,-0.01489576797274339,-0.007695803045186911,0.01720178678885098,-0.02273295210943449
2024-10-08,0.018404099671857965,0.0007244329670921257,-0.017093582121608497,-0.008081647976583395,-0.02583809081137478,0.024598499432929577,0.004189718820843957,-0.015682875174874433,0.0012988208673956336,-0.02581472858906031,0.00394242780498022,0.014997743881014935,0.01804941602332999,0.006604450727689226,0.042001812748299505,0.0010029764687335962,-0.0008533619894396383,0.0024634660124056573,0.0034900771842414358,-0.0011866073865967053,-0.0006445395931464759,0.012623858136483035,-0.0007423957356392785,0.006223149928058946,0.019338809562537307,-0.0033928779297813794,0.004273401015092215,0.0038776524927759404,0.02367528930106988,0.0077116902994172065
2024-10-09,0.016698400183695394,0.014889225203106315,0.008584004246155574,-0.034141603541420484,0.02121346936279811,-0.012518489645483633,0.015740590631799112,0.006050493599240481,0.011782492332035988,0.003946627940256464,0.017338917253028274,0.004563263163630316,0.032367136662666995,0.02484469063403605,0.006003404437415538,0.006011634908765329,0.012669087322953132,0.005637395293002667,0.00639282483324477,0.0023758052878892766,0.016126026680119976,0.006631063975792495,0.020799852517423334,0.006600748808681889,0.004905822724712294,0.016575456584699166,0.007164652450531328,0.0022723809450986288,-0.018722394257031483,0.008656416736155803
2024-10-10,-0.0021782669240401065,-0.004342247929410625,-0.0035001306018881406,-0.01841065869917513,0.0011359750698261006,0.0078146239578889,-0.00037342315701449635,0.006481719763126614,-0.006517077598998,0.0037439420583456062,-0.0028900256472236263,-0.014685121242831611,-0.0004679616852852897,-0.005463061152467419,-0.010230169671106792,-0.0008714860197428509,-0.0027176404540854016,-0.004599642331669762,0.0006912912145038419,-0.01148046712916162,-0.00788971534474292,-0.003880604047815317,-0.004244960348151805,-0.0018904518321245511,0.0074739910826568945,0.01096042930438279,0.0019500093342097458,-0.011097914445462598,0.013467953683623524,-0.009825868464297893
2024-10-11,-0.006505400602854872,0.022865358427005766,0.02103744180568179,0.030009611934284086,0.013563824671646962,-0.007133626657965797,0.013261077038974722,0.005311375096697546,0.012259390820442917,0.002983937621252597,0.024974105894653542,0.004732158745633708,0.01118921020494068,0.001029929887433223,0.014642556530669149,0.005918716702751015,0.04439945881905971,0.004620896804220731,0.0032890326983778806,0.009665652512399703,0.003016542485289486,0.0011543779971590062,0.0006089678900158546,0.01266639921759194,0.014494020532041185,0.0005855594733548131,0.0013333863155711168,0.0011641080016697725,0.019933630738141694,0.0061549286862516706
2024-10-14,0.01647987415026697,-0.011359903744355915,0.001303606656195555,-0.013441919758090282,-0.020073579306580602,0.012287320036763028,0.00036867364435999583,0.0023775425109624493,0.00892384742016028,-0.004462553641437661,0.012492857420868031,0.008545869523879368,0.007454038650486217,0.008574095514094049,-0.005093333387304666,0.0008671139681593054,-0.0036438815308078576,0.011067882403568596,0.015735602042567187,0.0074953610169841145,-0.00036455256809864167,0.0067735896242113736,-0.0066950391019292566,0.008299835225729302,0.014963216107199306,0.012289964221318561,0.010221766103892138,0.004418650305848093,-0.02280138807757659,0.0023720758022807154
2024-10-15,0.011024656354684748,0.001447910841477107,0.0028568755304614335,0.02255185238251256,-0.015128882343320438,-0.011281039910108426,-0.003500930748453701,-0.026683423365161718,-0.007897284546413919,-0.01811734952939381,-0.0007078622113129152,0.00038511319741751926,-0.0015165887118673282,-0.00977632694704289,-0.03327647904752351,0.015470283374489524,0.004108784796360565,0.0,0.011296174988860486,-0.00022096918036329516,0.01677447294739931,-0.0009543467699217878,0.006372564066842612,0.0061446330185281894,0.003165105236961896,-0.08111992293468584,-0.00495217988555563,0.012734488159519941,0.15777787118959408,0.016938622191956743
2024-10-16,-0.008851853833045875,-0.010643265225605991,0.01575847402431041,0.016737694065047437,0.014510738344420071,0.008704692882729015,0.042529525833656656,0.006769047427641617,0.026852110385557015,0.007038211995453514,0.014319022767347755,0.007291007198146016,0.007778442529153162,0.003047721452573704,-0.015445736267721055,0.0010968307176091319,0.005620814409869279,0.0032698925804892642,-0.00134042326116246,0.004568008584494354,-0.009952457053260977,-0.00625685117117758,0.022162740748631338,-0.006856048846114016,0.00859344850707644,0.027054260942125152,0.029467385088273845,0.003886571209269718,0.06237995738796709,-0.0052663476796124264
2024-10-17,0.001596336797968112,-0.0009327244752725949,0.014555615239535635,0.002646892693768388,0.0022101967236733966,0.0008594330855751231,0.00035474537949808926,0.01660732758692962,-0.0021705669255627225,0.0026445289857288667,-0.0016230006094831717,-0.007190442440543676,0.002694485819362713,-0.0033808602062769255,0.00582703143107155,0.0011565968964886153,0.0034877409466333997,-0.009494041067614867,0.005688410005231015,-0.004914000469421365,-0.006067765081425702,0.001441946255600568,-0.006433273131769779,-0.0005802317555783087,0.09001852636991758,-0.009293959346439618,0.00998212569957957,-0.001366478453596609,-0.03703706005054175,-0.004063138036621061
2024-10-18,0.012276517444337998,0.001027012692031759,-0.031457775984069736,-0.001995992295839133,-0.0015970305895131043,0.006286375497305263,0.0063828782290655806,-0.00297607205904149,0.007665185278557862,0.0005651848091114964,-0.0009452500717793688,-0.0014437347557284541,0.011250253919416808,-0.0029199997580183767,0.014705878603042288,0.003952019208153912,0.00423312556910993,0.007725265876949772,0.0059103662482331565,-0.003979904261425471,-0.009567178857964542,0.0034554528120331884,-0.005755317100145985,4.085716713175813e-05,0.0023790866259427723,0.006324757410734572,0.0007919641322198245,0.003192782648793413,0.012195199517711863,0.005192320798392158
2024-10-21,0.006297919625632309,-0.015295774479515245,-0.021857841093557373,0.031096821446572553,-0.005019593487193719,-0.005632463379586672,-0.002994978465758802,0.0008623411554358196,-0.006784469476937671,-0.016945966670405155,-0.020245997547862382,-0.020722905118284785,-0.0023421140448658395,-0.0019379215701151864,0.003074207001183993,-0.013868651383043495,-0.01051601868692742,-0.014054504975601012,-0.0052754530146400525,-0.002219943582565276,-0.021711197387742853,0.0014827592599364614,-0.01736617638789295,-0.010158769154622216,-0.021661421914867085,0.003265325522535223,-0.012972285063998834,-0.006592470068098377,-0.03151071591651522,-0.006149301324628875
2024-10-22,-0.0026217804167235625,0.009219043329914856,0.0061313752109615205,0.0003754070569652601,-0.005173232958873286,-0.010161825271063907,0.0001766119943797939,0.00026505945192600855,0.001241879462186457,-0.00268150472433093,0.000965695891506746,-0.011195782193011095,0.003837498255698346,0.0021575236062021386,-0.019264471590109133,0.003807671865124096,0.005022341895708271,0.0,-0.0006352389127863844,-0.02306442293555555,0.0028212696464735565,0.020846275890754606,-0.0007363787663740018,0.0009437624029404734,-0.001848255158976686,-0.002817335734554116,-0.007181366883392437,-0.050343211627492224,-0.06889950290448821,0.01497338126697767
2024-10-23,-0.021623022093217426,-0.014890807246514148,-0.004295033575194895,-0.017638273943547444,-0.007027688388706266,-0.01352613722328777,-0.0056536597994834015,-0.002915500970577245,-0.005168502103974126,-0.011138830217006013,-0.002122195856651632,-0.005499590857299008,-0.009039853631815031,0.002152812060760345,-0.018750003725290343,0.014744540682989804,-0.0031678705612233626,-0.020734266209914365,-0.05122487307751933,-0.028998620751637727,-0.0024382166307468367,-0.006806860929367997,-0.016826325085997795,-0.0007071999306726973,-0.007213992742145847,-0.009160021474232893,-0.003616763517695354,0.03277101003661498,-0.03905438362634739,0.015240176031838804
2024-10-24,-0.0008232672024607313,0.002508680428186194,-0.004608554091047878,-0.011842611990730889,0.003447993299655616,0.008191953179002676,-0.005685874107138278,-0.0001993748226988279,-0.00872811878917601,-0.009710575539386368,0.014114297864185277,0.0076067677961648705,-0.051012008142745424,-0.06169706539879083,0.016378554042268956,-0.013203931668337887,0.007027354704338462,-0.010439639019226843,0.010081274444851518,-0.011257878037957303,-0.004700080565934628,0.0003061111166033914,-0.012617095925725574,0.0002358394102137673,-0.0036137466931380757,-0.0067831976860889265,-0.0019030732171586573,-0.023331694177517903,-0.001069557719963976,-0.0027620496568592223
2024-10-25,0.0036430556274988923,0.004086357303224153,-0.00974155117042641,-0.0012242425589068517,-0.002816090359160417,0.01290272805200754,-0.0039312795748469576,0.0023928713793563983,-0.0038784311098323254,-0.02529908543186843,-0.022688251871315623,-0.009362250945402328,-0.005260746299632357,-0.017033764264334117,0.015219344237493493,-0.01704644274428513,-0.011867697967992141,-0.005646437788270786,-0.02974333581933375,-0.01360003583607916,-0.01794476465729289,0.008052183115585088,-0.0024039005341177644,-0.008253617036468097,-0.023087191478673996,0.006686889938965823,-0.005260840311344328,-0.011466812265014892,-0.008565307563800029,-0.006382487985687746
2024-10-28,0.008599439836995959,0.0005994042545864886,0.015410414602958111,-0.0278691195311227,0.012021639621127234,0.011395663225745478,-0.008252687029033368,-0.001790343574620823,0.01231192478112142,0.008249446435028895,0.021420303177011712,0.009977237849267295,-0.009134556911955305,-0.00819862651875325,0.010582000347830522,0.004475424005924156,0.014349372544247618,-0.0037357920306112513,0.014285265039839734,0.04440875272901068,0.0024042820973599888,-0.003643520261888633,0.0007610380574742948,0.0064201539610111436,0.007465115349221785,0.001204442672517736,0.008731745991540363,0.005799817314477096,0.019438411691210522,0.00290875880970054
2024-10-29,0.0011568214430770496,-0.0036889137923431514,-0.0038309619415874963,0.015196716763099527,-0.00793632221255447,0.017428699402095793,0.007235947505703999,-0.013418323225176554,-0.00072768544806745,-0.012572345141753538,0.0013369549003765524,-0.01940976374810377,-0.000582231570040781,-0.011648174690044533,-0.0008726203183724301,-0.009344149019762882,-0.011529978244549377,-0.016649286152186415,-0.006031273981518925,-0.007828666075946011,-0.0047971052005266746,0.012564767611593863,-0.0064631228507086025,-0.012581202158748361,-0.014661034783539528,-0.0055021369440344525,-0.008128414814699836,-0.006967681448932006,-0.00953383026932042,-0.012688887647296587
2024-10-30,-0.015277974383395176,-0.0014557104939808552,0.013497042244761781,0.008563195157404113,-0.02134140772216686,-0.008330877063049469,-0.0016164580272254314,-0.003164619725664397,-0.010922672377384424,-0.002829373824135728,0.00022891649133449654,-0.006454589493125162,-0.008641640921614346,-0.02627949002780905,-0.026200890456968273,0.0032482710510772783,0.006774393900172315,0.005491192924100385,-0.01179660270402838,-0.013228183148212613,0.010604442530747438,0.001342711197001245,-0.024872556814651725,-0.0060417871411017066,0.00571033943589061,0.0014765144014610154,0.029374170843460723,-0.0012098325523410836,-0.011764819632863355,-0.0037943261446254928
2024-10-31,-0.018209420699545342,0.014641518512479967,-0.014594293162410343,-0.03227685491115162,-0.008015929604858307,-0.016970318538424012,-0.014750770293506799,0.005201033427214341,0.01177955192358593,0.0008107548300275713,-0.01260504004122609,0.0031336238364629843,0.0072477718182437645,0.008882408501785566,-0.034977524931955495,-0.004669740891838026,-0.011095808097458137,-0.009253550816643141,0.0020239600088889365,0.007133949212478896,-0.02394355004124482,-0.06052757318107682,0.008894825201981149,-0.005897968793506014,-0.01659394889549004,0.0027355415132743754,-0.001068400088283905,0.020591110758182207,0.023809544066043964,0.006880406390223248
2024-11-01,-0.013279675889180886,-0.0029359683436128714,0.009663854851041043,0.035362660676655944,0.009117482476291405,0.011497337154751763,0.013328438942176168,0.028558002620678646,-0.00405408817826991,-0.008303065238632334,0.003012857860204221,-0.002946085013378341,0.01706534984319452,0.007401344551131839,0.07806692701856766,0.0016890288001960574,0.004596311171177314,-0.004593391369181354,0.010612361133808923,-0.009729880662524448,-0.004300260430940339,0.009892863008126973,0.012057543501464929,-0.00048424320493067885,-0.0012198046886191527,0.005420841135084897,0.0030705239946038354,-0.018276752623454295,0.0,0.0029287293255502167
2024-11-04,-0.004037512859697667,-0.007236413267858621,-0.009167871874665834,0.00310505852706644,-0.008192292316905658,0.011163250441661443,0.00594593374538932,0.005879631981833944,-0.00020867646174305143,-0.020829005695674918,-0.015172802032353494,0.007590650771792884,-0.007887577698889592,-0.009267714165303143,-0.029310357017834243,-0.01180297507550776,-0.01417432628514148,0.0015380768726342975,-0.007994227019186173,-0.010768751390836995,-9.806530403100311e-05,-0.004654346961604494,-0.011145151176495172,-0.0001211662348346021,-0.011520967224601386,-0.017249327132377257,0.0038178995790123516,-0.0072534441294150875,-0.01374205497195935,0.0031632840016881936
2024-11-05,0.006486222502952499,0.007510011685436968,0.021281310937477427,-0.026246257380443838,0.018192985421743524,-0.0017449858354671166,0.0059107885880616,-0.003637068889512207,0.008769120701529687,-0.0010427805945832924,0.030285314060471746,0.01142659706765703,0.005974822211955111,0.006058510954408458,0.03552394408521198,0.0006951675907480581,0.007780562699641669,0.003993429443168939,0.015263753969724236,0.005323744012212028,-0.002159628052382012,0.007344713418377058,0.010234459401440521,0.004119121871602349,0.008360460920275425,0.016601934925101425,0.00493411853029202,0.004870864590233337,0.031082506897990525,0.014918168236935703
2024-11-06,-0.003266935215639921,0.00782999186018829,0.06965285629041218,-0.025430439323778975,0.08740908091788269,0.03163128678150784,0.030448687498055182,0.02809458489930794,0.023388188043518943,0.009394574863760052,0.13097756142936245,-0.029293477476637686,0.036497634182196315,0.029050435748704917,0.07418523005471123,-0.0029681002170999227,0.11544543800170848,-0.025546986531952642,-0.011166475502693451,0.05848884747301031,-0.009050738851787421,0.021192787683184777,-0.03411138813439418,-0.02841455959263861,0.037207968983493656,0.052307559752807764,0.04810928202350473,-0.002423579333168613,-0.04054059299385204,-0.0028679974421578214
2024-11-07,0.021372105867816016,0.0003727500444012932,-0.02825586267922331,0.025958086235174926,-0.020797390427862772,0.012642583778953664,0.0036288888575621847,-0.006023290372320633,0.00040450914558753936,0.011375445630269931,-0.023171947377751412,0.028503740814899592,0.005083210637192526,0.00042139259598572565,0.047105802040505296,-0.0072840363694107735,-0.04322833893656153,-0.0006279681998021536,0.0022449870620475654,-0.006347082102273638,0.004368062159966435,0.012494735098140142,0.007966030431361792,0.01465390489598839,-0.00657610509554396,0.014680986283604813,-0.005205003945449205,-0.014334336490906097,0.004333853187050263,0.004913629903774641
2024-11-08,-0.0011882041412023536,0.01046875504236433,0.0027193987917968343,0.004636355597104513,-0.03635389260635802,0.03594193623028574,-0.000344361992687614,0.0010206025312851086,0.00090970010338709,-0.04928431932942834,0.012178618466923474,0.01617267902791264,0.009149503963606032,0.00014040503302048535,-0.001143682036614968,-0.008039347972752409,0.002538215223206741,0.00408420608815474,0.01462705924220975,0.009543729495282705,0.017297660515298574,-0.0067931829348376604,-0.0005268716200652612,0.026314204813528752,0.01827341681554162,0.017111224483573828,0.006769198843262991,-0.002218415963883058,-0.02157512374473103,0.01168757410690624
2024-11-11,-0.012028565630717747,-0.010667651527450972,0.018671708109670115,-0.01793239776671196,0.008058633049283559,0.061438039201969774,0.00981746456138155,-0.0027400851919201497,0.01858214062415242,-0.00473217364384837,0.022197427652934865,0.005888150096030165,0.02619703801793971,-0.0007018541728269767,-0.043893186732483325,-0.0027658904821056263,0.00974763835251058,-0.008760932690294765,0.008562648365531444,-0.009974590750197687,-0.021278654742297287,-0.010720874110255796,0.009488688481847474,-0.010017265748375137,0.0057221440680914615,0.015329467801612928,0.009906860430714648,-0.000988111479243825,0.03528124685475431,-0.0073088316706397816
2024-11-12,0.0,-0.07137749286417794,-0.015223293265584359,-0.025443128182734198,-0.008901980422100553,-0.0016972464741437099,0.0013644603417897194,-0.007731660000956042,0.0012889008496077548,-0.026583106759838326,-0.01618684936688186,-0.012760610962539665,0.0384922954358482,-0.00490802108824584,-0.035528918832528955,-0.015479745198317962,0.0011284002351861222,-0.0025252296857793954,-0.009551285484501792,-0.01992473242038162,-0.02134415536911327,0.012009264486608773,0.000783392245382597,-0.0011443989579457137,-0.0014319992977861462,-0.016921370789769963,-0.00154681745485441,-0.0009890888092501937,-0.040468596527322376,0.009262578358521179
2024-11-13,0.003969140127956905,0.008700253174119377,-0.003015473729997553,-0.0358200524476866,-0.015114144280475528,0.0016707111402689545,0.00800543802380882,0.022087751032412006,0.017130467761059975,-0.001110066230621376,0.0027505173993473964,0.017639291425910475,-0.003591062782701937,0.0002845390401986503,0.03145696331464354,0.003930834619013668,0.0066788975696234765,-0.003164620166547172,-0.004352859094332362,0.008438670362155065,-0.0008114927453508614,0.005129768126136858,-0.00182635033654166,0.004462028558920306,-0.005116420558260226,-0.014316514945269976,-0.0011940479329888287,0.018316845217404953,0.0022197278654862984,0.006000771150108886
2024-11-14,0.013770469288696185,-0.018278951214260597,0.0022943468991052374,-0.013074243159926557,0.0007491675430277844,-0.029468517185908816,-0.02129096873287084,0.019405273883306373,0.06230528200570551,-0.008890925209327216,-0.009440859693030212,-0.010897400194785911,-0.010297421689220543,-0.009150360211637953,0.004414149679566215,-0.008940291684819468,0.002944097471076157,-0.007142846606817521,0.0040691801118706294,0.0066185680874475405,-0.0014213640889988444,0.003974549508780401,-0.010977547646676244,0.0030015941796077694,-0.0005844954708943417,-0.020994628990452124,-0.003974513646080369,-0.00656303826636373,-0.02436314509121562,-0.01204680117285406
2024-11-15,-0.014109248872170355,-0.04163143580035844,-0.00496004276923101,0.014840039531022642,-0.008493293526292023,-0.019267228955059612,-0.007942004993124474,-0.0023486004241004554,0.054618774378083046,-0.012334578302480637,0.008375522324725049,0.006063267976720965,-0.0023960352473546553,-0.019139663634242243,-0.027167410568174177,0.014025168552448397,0.014222487189604172,-0.012949608668563095,-0.019861951047323023,-0.013903755900268266,-0.02084183075563728,-0.027852599097416553,0.012949392211809574,0.014723504713539004,0.016762837046909285,-0.001551062927282687,0.004509425444932935,0.019084983999410055,-0.037457573996638294,-0.002604447957424094
2024-11-18,0.013422266547766126,-0.009240829258201355,-0.004636102242027373,0.02625003646261681,0.0010153735618714244,-0.009254255606592765,-0.002610481869276149,0.006070413396774388,-0.013382033856590314,0.004087104928054197,-0.009350626044125177,0.005536758409212306,-0.0006113671686585054,0.015122684243670248,0.020123193570504183,0.005000050338779927,-0.0011414106083749154,0.0019436483707300223,-0.005228427263669788,0.0029278729797919123,0.002595836754648362,0.001831310762671734,-0.02308906559448931,0.007136986775663656,0.007169679988202393,-0.004356309979263173,0.008138419071914482,0.014405690903296353,0.052247913620045994,-0.0020177955883519116
2024-11-19,0.0011402075432298542,0.004268970054966292,3.493218105155016e-05,0.01202482133205729,-0.005540264662752925,0.00366179320183857,-0.005234696105223646,-0.007215648534087182,-0.009864363233832996,-0.012890010315650291,-0.011241620834739008,-0.008868494789227133,-0.002840313032365982,0.010380129876926825,-0.02576487060052457,-0.011436369180687023,-0.007917444893480119,0.011800757160795428,-0.0012709899772967992,-0.0152108382818269,-0.0002071774660966641,0.0048826751110842,-0.013085786648183495,5.844276273236915e-05,-0.013019176944841004,-0.021453496623172752,-0.0009930789030125897,-0.0075739150414785295,-0.042725160748085966,0.029971392634563276
2024-11-20,0.003154014951826989,0.028290690298909293,0.007564218959300373,0.0032966738146824603,-0.0021708796554412713,0.007018612478887354,0.00859498000540504,0.010839546999677596,0.016367225603625357,0.00641463368094608,0.0009459682688186533,-0.01671587647017525,-0.006704624763254841,0.02068966172244191,-0.007851261490395833,0.0007189759593491107,-0.009502634637321594,0.006390863602043773,0.0006190977147340071,-0.00273038077480825,0.009322668111665378,-0.005505280168501936,-0.007441551706860228,0.0007614303202150285,-0.008022488341569711,0.0407278286496473,-0.014301671268098337,0.0069162611868174295,-0.006031386123635962,0.0066975512905360635
2024-11-21,-0.0020960211419173147,0.0070518009097897405,0.01838668849195879,-0.01827764331515569,0.0212058330804219,0.030948590854773528,0.0010434394367391242,0.0018595309640354607,0.0040258966015187525,0.020031844930285203,0.024367175225792348,0.02612501685471269,-0.002558817474268671,0.0363466361519178,0.017909217037762826,0.015609657107021668,0.016529579252142712,0.012224167269174968,-0.008387516420511165,-0.0040675914800262225,0.02483570513034339,-0.004316764387567673,0.023718597526190655,0.010884227804045965,0.014075203625913302,-0.005012453772261338,0.008165470587837564,0.006631907902604706,0.007281604524675522,0.013879229281152705
2024-11-22,0.005907550208260837,0.015971030143117515,0.02832757748399728,0.041001251473902656,0.020277669418492295,0.018583608925024198,0.017199476499997868,0.004516539725590407,0.008106680411263723,0.014505636651886977,0.011189312891374481,0.023267140290403665,0.013357504605223003,0.0025629982044024224,0.0024549699112637047,-0.002122250608632803,0.015484652134402754,0.002509387582387612,0.006274483190332303,0.008639679271056577,-0.006809468488138459,0.010003146975922084,0.03062590451224234,0.020434013313576083,0.006364851033958008,-0.011079593844686153,6.451138788743371e-05,0.015294197577409241,0.043373451614989955,0.023192724890581218
2024-11-25,0.013050850217118715,-0.0017994921980920564,0.012977160198051507,0.02552088544930431,0.020528848547419765,-0.008508294193348864,0.0032451450436472573,-0.01231838611895053,0.003026384536303439,0.009018950067333664,0.00041477592180783063,0.02064291785444916,0.006503438695972363,0.01417229643035145,0.015102075070750898,0.003931191361610686,0.00700058915664914,0.0071964458095230555,0.02035967164716057,0.014795299529948291,0.019963743238811782,0.004292614046347065,0.02403096321311149,0.006296874171616729,-0.004762439018728637,0.02531858719765423,0.010551074188340781,0.01923517307596856,0.04618944333170205,-0.01039357710540767
2024-11-26,0.00940437493731383,-0.04758499480567535,0.001179528928525242,-0.01528420315736323,0.005374070821470678,0.012002116247614714,0.014470513710279631,0.01353204929928764,-0.004741407272826681,-0.02899496712504457,0.004095849565003196,0.0019827926068505253,-0.0008673409414261535,0.011940024364236024,-0.0329715148573404,-0.0001292858148081999,-0.0012785143190089387,0.0026406907426790305,0.0004725745681071203,0.020181015281106607,0.004547174258734854,0.021968025877207475,-0.020817562415882396,0.010823544123548245,0.009761757516859593,0.0015845148384365793,-0.0043742685720477015,0.008867659412564732,-0.03642393621371731,0.020223326465035996
2024-11-27,-0.00055302930411949,0.00021424253617463584,-0.00431984402359975,0.010878213381561697,-0.010126738367072452,-0.038376318615839566,-0.005034409007629748,-0.0025841223277167646,0.01862280629671509,0.002245144066143512,-0.0001155463371862453,-0.0001871699054942777,-0.0032985969277945504,-0.00834678426786395,-0.01663200129810738,0.005694985181969647,-0.0007201466790310862,-0.0018590970809422291,-0.0042182340332636015,-0.0035351950343259775,0.014760865295577963,-0.011682506077315247,0.00940587737244769,0.0002789531726530292,0.010956682827585329,0.002620387918004896,0.009236066982244218,0.00022537047438753177,0.03780078976909507,0.006242494135958454
2024-11-29,0.010215831332992531,0.009997491153129312,0.0014132432085645075,0.01994756342960713,0.005969749406989466,-6.0735320203564314e-05,-0.0013493367858409266,-0.0011103502785392294,-0.0011054297426545956,0.006144774386238838,0.005186339236006976,0.004541301515777807,0.014326796673064246,0.002159343435044203,0.01691330338191066,-0.0025096452488365673,-0.0002801730635499933,0.002111177503994366,0.0031517794384350317,0.007925721492403781,-0.014352228902698161,0.001111127175987603,0.005488957252579807,-0.0005575785073380635,-0.002325167590925603,0.0029915979577153085,0.0012074095508911586,-0.0009012787759247187,-0.004415006622562556,0.006747938225025951
2024-12-02,0.009522560857517126,-0.016862793846825763,-0.007942580608897964,0.007076626527596774,-0.00886453942476817,0.0030910128150962723,0.003715624579435861,0.001729163244672094,-0.002638967026383332,0.0038453067535830776,-0.00637403961204952,-0.005056802884522482,-0.01279356734971071,-8.794380296428539e-05,-0.0049895607356131855,-0.0013547244788284507,-0.013895534693137535,-0.006710351275758919,-0.006117475048788346,-0.004792912135379801,-0.0101338111822602,0.017758519717767873,0.009187229089164362,0.002454490076089,-0.009509834265799322,-0.002753269482300813,0.004982926007914612,-0.011050980553338086,-0.004434691075089092,0.001513565684730489
2024-12-03,0.012771824457546543,0.0007910617872244341,-0.0004964193129756156,-0.0098376986852039,-0.008074366846274605,0.0012689077751062428,0.0008412512504756275,-0.0017878106448206976,-0.0060601160952656885,-0.011491731029810048,0.0006148969385022518,0.00559781085264488,-0.013002793436781124,0.007080368993853892,-0.06101132357718808,-0.0157622736193902,-0.005807157257868623,-0.0020424147767733603,0.0070441191041161755,-0.013093547095483271,0.012324850929579467,0.000510426602123415,-0.0029081041042128275,-0.02381738736500605,-0.011081112294014983,-0.0054066718148185755,-0.011495327003558486,-0.00045599614692704016,-0.003340727672656474,0.00939119570333502
2024-12-04,0.0014836153579087519,-0.000215543445821198,0.0016220625703500247,0.0211612824470766,0.000626160995604419,0.10994780398273352,0.0023537966061284443,-0.0222331584594071,0.004637141352987539,-0.02325047516646328,-0.00559729888712146,-0.0033306338053858964,0.012469119363671233,0.0196069711469129,-0.022696940118673292,-0.012404786582531191,-0.005800168024342356,-0.020623485124210084,0.002003381422686301,-0.005337397784155651,-0.004712785861154978,0.014424853561238793,-0.006213460634356238,-0.0017672807634891985,0.004566421404935017,0.009186712338947522,-0.009935756515808136,-0.029888258326941197,-0.023463691913108042,0.010052348499781427
2024-12-05,0.0001234566969978701,-0.014123571716814332,-0.006840840613626886,-0.010171851293709677,-0.01133887869222483,-0.0176421260920947,0.006709211037689178,0.006379460835431061,-0.004188330161020937,-0.015402605523407886,-0.003190188901310398,-0.003224924623173253,-0.015231302775574607,0.005396385213316313,-0.052823310372190124,-0.006313571423752551,0.00854558660623339,0.011412968478762053,0.014842937382983257,0.022077398610378163,0.021505379635299304,0.01188784438341095,0.0026795470698557367,0.005253888236334658,0.0056537518654242724,-0.052096579618748806,-0.002646051957313933,0.0007055282709027555,-0.030892392581242878,0.008999514066342584
2024-12-06,-0.0008229220981327279,-0.006379242459771284,0.01151298707465842,-0.017489024862369473,0.00012662038048927293,0.001687941926804326,-0.00216597135576313,-0.025670010295039236,0.001974277299330307,-0.004740385323804608,0.004825727345839637,0.011323646434330481,0.000397798307038677,0.014014876893964079,0.0057692713286059405,-0.0014045693663771175,0.007658449641720466,-0.006198333100535192,-0.0016361064704254469,-0.0016500241977480679,-0.00444237260736402,0.002146358610181087,0.003945053411620325,-0.012554592433827394,-0.008015033989060005,-0.050693312965021,0.00624433780506628,-0.004230370522683269,0.01062575557857226,0.004197220866790641
2024-12-09,0.016101179050533432,0.018526761680562664,-0.023915243532087516,0.020203993752549998,0.010708001130012024,-0.02878529435782262,-0.015695416829055064,0.01185267399720269,-0.018161647247382673,0.017623233690761575,-0.009271656486998903,-0.005076820830421713,-0.005698424252740808,-0.033775816215659504,-0.00525815535135743,0.0019423176469679504,-0.014351523742026973,0.00111942229328732,0.007993748316990734,-0.012170364131737665,0.0067902449154801925,0.00552330182597105,-0.0158448544633375,-0.017431921401229733,-0.03534363366731186,0.023926060583534525,-0.00871353568331057,-0.00023600868809892095,0.03387849855572944,-0.01954014810940663
2024-12-10,0.004133719732402952,-0.00677158805208633,0.018165253726254882,0.04495678247081436,-0.02722532283559742,-0.007822047122376552,-0.0039016192231351443,-0.0005093569040057755,0.0010470790406269526,-0.01287152030756411,-0.01529986685982454,-0.015354906722054418,0.017726268097052023,0.007478266305246617,-0.031234965651684043,-0.0024732864297222212,-0.0038964688725557917,0.004952117559722691,-0.002190026645341181,-0.0130807705629018,-0.026881234240868968,-0.006031083641118373,-0.011591988016414145,0.008724112459150613,-0.012835327558700094,0.008151661400129573,0.013233877393508564,-0.0014164795301433442,0.1774010878136807,0.007673424041069188
2024-12-11,-0.005166084556857187,-0.008485990913453145,0.0007614053337992033,0.011334555400188462,0.0012357843200958563,0.017286833211745734,-0.0022139237393346,-0.005031799439480844,-0.0010459838128995536,-0.016121388080336918,0.012871052419956452,-0.0028632773613808116,-8.732298596125787e-05,-0.00690490868714988,-0.001984077801659545,-0.01735572505991889,0.0027587854633814857,-0.0042918216363886375,-0.015330354424304637,0.0,-0.01237617945268199,0.012767031405161777,0.027495420577444918,-0.009577323446007258,-0.010135264093152019,-0.0560165549845798,0.004513707137763667,-0.007328470191872216,-0.05566218037038073,0.004336340216113177
2024-12-12,0.005963785710253022,0.0023774380019663255,-0.0067474458526860515,0.010785690610503273,-0.020803853642441306,0.008961516186436702,0.004437606156729057,-0.009602496771628832,0.0025303741515634304,-0.00530118672580826,-0.0016032132169030433,-0.016517078893966586,-0.0059809414333725774,0.0092995043966706,0.03280317196235538,-0.0027277445372735354,-0.008212587264403215,0.019157062972215755,0.0017900039660383449,-0.00015420315255054717,0.015037584629961076,0.0012694898877707583,-0.011287193859445988,0.0012893609524431415,-0.005139925935166656,-0.03330649941171793,0.0014022408966860578,0.002143300417725147,-0.011178923642865213,-0.009161756117506359
2024-12-13,0.0006855399612875068,-0.012552047628610508,0.006127343143582431,0.011326342154899471,-0.0007090867531635014,-0.010390189135681127,-0.003908249172959288,-0.0054295791649834335,-0.01357707068985814,-0.010174417920604806,-0.010361518908387879,0.0061773009958958625,-0.00030749625887416254,-0.006199929831082085,-0.021174230968162955,0.0025983715819659636,-0.006582956231720671,-0.011278192999455428,-0.00010119850904999339,0.0013101607659204983,0.007407402867472657,-0.0050938996659094515,-0.009107285740069582,0.001229111256901394,0.009922918353588717,0.00915149677000393,0.0016229559102327595,0.004752890829466727,0.06783153464925373,0.003919863111597088
2024-12-16,0.011727704494844282,-0.01522427735781795,0.004732839330805927,0.020748625989392977,-0.004178516419205303,0.008241407319793614,-0.0046059630713015665,-0.02931035969471596,-0.006469299461452915,-0.018355378895217767,0.0014518332983592952,-0.015036783817388821,0.036815806664733275,-0.006455286742954702,0.0240904507100419,-0.018892256170232158,-0.0015003720058162084,-0.009030449212611869,0.003742447115840264,-0.0034636181413520983,-0.011167128126412629,0.009658631059368039,-0.0006472892170807931,0.00046759785284278266,-0.00012179837603820687,-0.042230212141785906,0.0036539166624174335,-0.03311257413128832,-0.020211745063312914,0.006578241930305984
2024-12-17,0.009719553649706558,-0.0020636786327011825,-0.007345914737243553,-0.0008084506041967643,-0.00823403984691784,-0.01752368441092622,0.0029134333469211793,-0.008369109307868383,0.008116992487384067,0.01146848423914082,-0.019869377973562363,-0.005453936234178003,-0.012161013385064479,-0.0015697353733998831,-0.018722966446321987,0.01779622134894332,-0.00509229867845129,0.013589183258083892,-0.005475206611570194,-0.010967753473554276,0.0,0.006355324646269311,0.010362739589310443,-0.0047329150207297,-0.010679373066339704,-0.026038135703937204,0.007629119339295443,-0.0024462039692749737,-0.0206286868223573,0.005797392689327552
2024-12-18,-0.021421770273511442,-0.02696010981850494,-0.044998997815563824,-0.0023695524764600906,-0.03169230073735252,-0.038052368128674297,-0.016917259329463308,-0.027209424611689736,-0.014776130052626124,-0.01035247646809645,-0.042510597870723754,-0.035865549301747124,-0.02689491234332919,-0.03843304541135795,-0.05577305612578498,-0.011338039044304304,-0.0335207224196622,-0.008675138186446163,-0.017562776182339812,-0.01967986369514485,-0.017189693889738455,-0.03756103255664045,-0.014102551372962013,-0.007338685900089792,-0.031234553957922073,0.029247025719778552,-0.02676716606804508,-0.013241758385258762,-0.02708128891997874,-0.019597536656035697
2024-12-19,0.007014690099998555,0.00931305089646095,0.018416767385890598,0.025605366087194437,-0.009673306429206718,-0.0029652813913003673,0.0017382709053370693,-0.020336028741887113,0.00017965220238047586,-0.02615197678046499,0.00679681986459868,-0.022345234259219637,8.817751215128844e-05,0.01703232579634051,-0.01243522179303036,-0.008082878298638518,0.011242827742700578,-0.006364270084781687,-0.0022345003434162125,0.012745969587798722,0.011999167398323296,-0.00082307288700878,0.0026007415932589595,0.0006505904466900247,0.007117747267912478,-0.0209517341216654,0.016463289900875422,-0.006709727786813224,-0.03608241594614281,-0.0016034240836309
2024-12-20,0.018815872401230394,0.008384605898434705,0.019005036538360054,0.0017510891840226694,0.015733925761798995,0.022068123408623075,0.015443262442275119,0.01204403269497445,0.0059261562039882865,0.021483375450779274,0.02185957461791066,0.019687278451812507,0.0063470040376194525,-0.0025008742804593087,0.0241343654097812,0.0061986498889761155,0.019917607759330158,0.0016011968270939203,0.008441502198206496,0.016911789849235248,-0.014770857432712448,-0.000983911073806465,-0.002075136552239898,-0.006678893333003422,0.012830671666187232,0.022238139067189522,0.008987583799282772,-0.0010007192546279686,0.021390353059397293,-0.012419770687856935
2024-12-23,0.0030649570166518814,0.0023540902639549444,0.000502317205299363,0.0019170923382556548,-0.0017757862962268778,-0.0021824135553168977,0.007860642840790799,0.0008400367248762031,-0.005623469251830326,0.0007512170065724355,0.00826722353586451,-0.00038205227310539325,-0.005168197721977852,-0.006402271607417354,0.03483608039083452,0.005537539391874624,0.00332484396465893,-0.0027177629279123705,-0.004749208823506934,-0.0023205098004888125,0.013462506676001018,-0.003092055683336703,-0.002339470365197216,0.00029744254560815087,0.002492147685682511,0.012416751028892392,-0.0015422535028321027,0.0002503316350823681,-0.026178009948370717,-0.02048997214972148
2024-12-24,0.011478066964506484,0.00185598588951974,0.01559575385297407,0.009285800404153166,0.005966205261146662,0.004461907631309714,0.01475067260964158,0.006085100546601607,0.010412890635781213,0.0030022235740847503,0.02104128120984572,0.009402516232667413,0.007748501952236975,0.011174719417325951,0.00990093307113904,0.003992561843204401,0.01644360977162762,0.0073741650599870034,0.009269038356105819,0.010699362836512849,0.0008049984713160985,0.009373859223989811,0.000390792754870084,0.004937309375438792,0.006297657020720493,-0.0004739381530685094,0.010812642788943894,-0.0035052472537077106,-0.011828022375865221,0.025788565616510217
2024-12-26,0.0031756846138972783,-0.004952921539776778,0.0017464249261804898,0.005799088692755472,-0.001224311910665965,-0.007868074901389521,0.002172123893233735,0.0009733691561784052,-8.879270658068705e-05,0.0032427059469122277,-0.0026767868075552315,-0.0025243318033013606,0.01293141839271339,0.0021389357492420658,0.0019608292291832807,-0.0018513007404570292,0.003425421127457362,-0.004296663449209093,0.002755225898246394,0.006290186321258995,0.004223326209081835,-0.0027769585868658853,0.001953400191505583,0.007221494426994601,0.003499631099847189,0.009978252092720519,0.0008109131791886881,0.004020074105899996,0.05331890611164125,0.001186926229220564
2024-12-27,-0.01324212735064867,-0.0020138477162676693,-0.009671378679796283,0.001884889281999369,-0.006156057809198923,-0.009569125487011831,-0.006168729957654717,0.00013887159542247396,-0.008884939785742452,-0.004724102593431034,-0.008688371449038446,-0.00577019123915834,-0.010135443372221276,-0.00938237811449616,-0.006849378343400603,-0.003640583215979487,-0.008102311420821628,-0.0019178003948484568,-0.004002685393342698,-0.007623077208116613,-0.0017022597320720534,-0.017301563592759583,-0.00675859175325233,-0.003702376936342344,-0.009518666261503772,-0.0022694449309443865,-0.007011392262177729,-0.001001068490813939,-0.006198390260857556,-0.01217805723602805
2024-12-30,-0.01326342715583062,-0.012754610812950817,-0.012356788623464232,-0.023074358902049452,-0.005070358189523838,-0.008007183643862326,-0.007045730408920758,-0.006458239631235707,-0.006723442218571796,-0.01473897117811307,-0.0045646195252616595,-0.008730886674441773,-0.012679150466038736,-0.01135644295146998,-0.02364529853577635,-0.011789077344605658,-0.007670921805740583,-0.006725445110380757,-0.013691147956932936,-0.008065751986636838,-0.013339970180498484,-0.013239507205432988,-0.02316146368481886,-0.014392815100869982,-0.006379238442751234,-0.0042941696082814396,-0.010512734176170935,-0.008015980181886762,-0.037422002178779,-0.011891755371225332
